Channel_1,Channel_2,Channel_3,Channel_4,Channel_5,Channel_6,Channel_7,Channel_8,Thumb,Index,Middle,Ring,Pinky
424,159,433,163,49,92,54,95,1023,1023,1023,1023,1023
442,185,495,184,61,99,58,116,1023,1023,1023,1023,1023
438,224,495,178,55,108,54,121,1023,1023,1023,1023,1023
391,260,553,176,56,97,50,121,1023,1015,1023,1023,1023
240,218,383,134,54,99,44,64,0,1015,1018,1023,1023
190,178,367,211,70,83,42,49,1023,894,955,968,989
134,169,298,232,84,96,45,43,1023,572,692,705,785
100,178,374,213,85,114,53,40,1023,321,424,384,565
77,168,388,185,73,115,55,34,1023,42,49,0,265
74,170,396,160,60,76,43,33,1023,0,0,0,39
230,173,384,215,63,71,42,75,1023,0,0,0,22
300,212,400,233,63,64,34,89,1023,0,0,0,22
442,239,435,228,64,69,40,102,1023,0,0,19,22
704,257,414,189,68,80,51,142,1023,70,0,103,33
765,276,501,187,72,92,57,153,1023,254,0,250,84
698,271,555,181,71,90,55,159,1023,438,151,420,243
571,245,542,180,68,98,51,159,1023,535,321,546,395
692,227,450,182,63,88,62,183,1023,633,518,702,616
731,234,395,171,70,96,70,185,1023,687,652,805,785
718,217,368,163,67,89,68,173,1023,719,746,878,915
903,289,494,224,75,97,75,204,1023,779,839,950,1023
1021,353,530,240,87,98,100,285,1023,849,897,1003,1023
844,318,513,238,83,105,90,261,1023,925,973,1023,1023
749,336,544,239,83,104,93,246,1023,974,1023,1023,1023
603,314,578,250,76,104,72,157,1023,979,1023,1023,1023
471,263,508,173,92,91,49,119,1023,974,1018,1023,1023
261,243,448,130,89,79,37,57,1007,866,969,936,981
191,190,518,126,85,73,32,44,839,649,707,670,827
79,177,585,196,83,109,48,42,664,178,40,143,440
83,191,612,220,85,112,53,40,537,0,0,0,103
75,236,613,210,90,129,54,38,457,0,0,0,4
143,292,593,207,83,116,50,44,409,0,0,0,0
237,293,571,222,68,78,38,79,382,0,0,2,0
321,302,585,261,54,51,42,104,382,29,0,27,4
601,223,510,244,70,65,57,162,382,172,0,117,0
796,236,459,237,77,76,71,237,453,362,0,327,41
693,245,549,208,78,78,64,211,601,513,182,535,187
734,280,594,202,80,99,73,217,724,597,395,681,353
764,272,529,203,77,103,67,178,835,635,591,785,544
791,262,468,200,72,95,55,185,943,690,751,872,723
894,284,411,188,84,110,83,253,1023,770,862,939,864
936,299,522,278,100,114,86,257,1023,799,916,972,923
950,426,724,311,97,136,100,286,1023,837,1023,1020,1023
811,401,692,234,81,133,93,244,1023,833,1023,1020,1023
466,287,584,206,77,124,63,124,1023,833,1023,1020,1023
265,215,426,149,84,112,53,85,1023,791,1014,1011,1018
144,217,496,147,89,87,50,64,932,698,851,852,904
79,201,563,139,87,81,43,44,760,644,447,531,662
61,188,548,173,79,90,44,43,529,42,0,32,106
54,192,606,219,75,107,45,37,507,0,0,6,24
76,184,578,213,55,87,40,33,439,0,0,0,0
166,170,530,202,56,69,33,40,378,3,0,0,0
284,168,419,210,64,67,37,79,356,0,0,0,0
362,188,417,217,77,78,42,106,345,15,0,37,4
486,203,516,226,76,94,55,149,338,168,0,151,4
700,281,583,216,71,96,73,242,338,333,0,350,20
815,303,588,228,75,87,82,263,345,431,158,562,133
884,311,580,258,108,86,92,234,399,489,311,661,238
918,275,538,218,107,97,87,221,525,572,518,777,432
815,265,502,194,101,114,83,187,648,611,733,853,651
767,261,421,144,63,91,75,168,698,670,856,902,768
800,360,579,253,104,104,89,225,752,721,952,938,865
846,431,627,307,123,112,92,251,796,776,1023,971,946
613,375,595,291,107,116,82,187,817,791,1023,987,978
429,254,496,233,86,108,73,136,821,795,1023,989,986
291,246,526,232,70,91,55,92,817,760,1019,987,982
199,237,538,256,89,88,46,71,763,689,927,915,938
107,212,516,230,85,60,29,43,688,611,691,685,796
70,190,569,230,86,63,30,34,533,203,107,288,424
82,200,598,209,85,68,34,39,432,3,0,58,60
129,193,628,196,76,66,36,40,374,0,0,2,4
307,263,625,157,61,56,39,97,320,0,0,0,0
339,275,577,165,58,59,39,105,309,0,0,13,0
398,286,480,178,65,67,51,143,306,88,0,75,4
527,223,454,176,74,78,57,139,309,214,0,204,12
649,198,420,163,68,80,68,176,338,328,0,343,56
655,209,434,192,66,63,59,157,457,443,115,537,218
658,259,359,185,66,58,56,129,579,457,307,650,376
558,254,405,156,57,55,57,123,695,457,467,730,525
658,253,396,141,60,71,64,141,853,457,611,792,663
663,205,340,156,63,78,55,152,943,469,695,829,760
635,188,365,188,85,77,49,164,1004,472,771,867,845
613,191,413,187,102,84,54,163,1023,472,835,898,921
692,241,459,222,107,82,74,214,1023,494,875,920,966
717,233,472,213,96,101,78,209,1023,528,911,963,1006
750,252,512,265,78,92,76,221,1023,557,939,989,1023
688,235,587,279,87,90,60,172,1023,568,943,991,1019
493,214,579,235,90,97,59,130,1023,568,943,991,1023
381,188,551,167,84,80,49,105,1019,565,943,989,1019
188,173,478,147,67,61,44,68,956,565,879,949,963
133,196,517,190,75,72,41,59,814,565,635,774,785
94,179,455,184,86,77,45,52,664,373,71,321,404
70,192,535,229,87,78,46,43,542,151,0,75,59
72,155,533,213,68,62,34,34,508,99,0,39,11
82,151,447,176,60,61,28,26,452,84,0,22,3
155,159,353,199,75,65,27,31,421,88,0,22,3
223,159,388,240,91,62,29,44,417,88,0,24,3
337,153,363,200,85,58,41,80,417,88,0,42,3
553,156,330,142,50,48,54,147,417,173,0,128,7
773,185,297,152,58,53,65,204,438,273,0,306,27
837,205,380,139,65,71,77,223,525,310,87,454,114
719,194,411,131,65,72,65,174,619,317,287,570,222
665,273,486,171,73,73,65,149,713,313,503,670,364
621,266,469,182,74,83,62,146,782,302,623,741,499
796,239,425,155,68,89,75,216,831,299,719,803,610
790,188,443,173,71,80,77,230,873,299,803,847,721
857,300,466,221,77,61,78,256,887,299,839,872,789
979,409,612,368,88,83,88,268,887,299,875,909,844
1130,457,725,386,78,87,90,300,908,299,911,960,896
824,323,664,266,69,77,62,197,911,299,911,965,908
579,243,486,200,73,73,48,123,911,299,911,965,908
306,170,457,170,72,83,52,70,911,299,911,956,904
144,198,562,179,55,76,44,53,897,299,831,867,816
89,181,510,150,68,55,33,40,779,247,599,636,622
72,220,586,190,80,62,36,40,650,118,35,219,245
71,206,650,209,97,81,37,39,567,118,0,57,23
57,207,637,190,86,84,37,32,528,118,0,24,3
43,156,531,182,79,72,36,26,480,118,0,17,0
57,162,407,170,64,58,34,27,445,118,0,15,0
198,158,357,183,64,65,42,59,434,118,0,13,0
361,170,438,188,56,61,40,86,438,121,0,24,3
423,160,442,168,55,59,45,112,438,118,0,73,3
418,161,359,152,63,61,48,123,438,84,0,173,7
560,214,435,194,72,55,55,155,521,0,63,352,31
510,204,437,199,69,53,49,139,591,0,211,454,86
413,166,402,160,63,60,45,117,668,0,387,554,192
394,182,370,183,70,65,44,112,709,0,507,599,266
594,272,303,178,71,67,52,154,762,0,619,639,364
562,266,363,166,69,68,55,164,803,0,711,690,462
595,261,384,172,73,84,55,138,831,0,755,725,544
556,180,321,168,62,79,53,115,852,0,799,763,623
590,192,380,176,63,78,50,131,869,0,843,805,685
672,215,435,177,67,80,58,161,880,0,871,832,721
776,256,539,210,72,77,63,182,908,0,923,878,803
819,275,539,210,73,87,77,186,908,0,971,920,874
724,283,606,218,74,89,73,162,908,0,1019,976,928
601,268,651,224,91,101,64,120,908,0,1023,991,952
327,227,544,203,93,99,52,63,908,0,1023,989,952
185,155,445,138,84,79,33,45,908,0,1007,947,921
142,141,425,139,67,55,31,42,887,0,835,783,760
72,151,405,139,79,63,32,36,796,0,635,628,615
63,157,405,192,105,96,43,40,657,0,99,275,297
58,161,353,188,115,99,47,37,549,0,0,108,58
55,152,290,154,98,87,40,30,508,33,0,82,31
52,137,429,145,85,75,42,33,462,49,0,62,27
40,125,433,147,54,62,35,26,431,52,0,59,23
152,159,498,165,61,62,34,40,417,52,0,59,23
425,212,478,189,60,70,51,138,407,54,0,62,23
468,203,356,171,56,67,48,148,407,52,0,108,23
470,190,362,171,57,67,56,155,407,49,0,186,23
477,173,322,156,53,57,54,141,417,0,0,310,35
568,182,422,184,57,54,62,171,483,0,127,421,86
552,191,458,183,59,49,56,160,539,0,271,508,168
548,171,424,159,48,47,45,146,601,0,395,574,274
505,138,363,178,58,51,41,126,671,0,595,665,435
477,123,302,167,57,51,39,134,702,0,671,705,501
456,179,391,161,59,56,49,130,748,0,771,747,599
359,205,505,189,68,63,49,93,765,0,823,783,654
369,184,470,186,68,60,53,105,768,0,831,803,689
574,216,507,201,54,57,47,142,803,0,835,823,705
716,260,539,195,60,56,51,164,821,0,839,854,752
962,291,529,215,76,65,67,237,828,0,867,883,795
943,266,583,219,80,68,77,250,824,0,899,927,846
812,248,655,235,68,64,64,198,828,0,907,938,870
424,222,629,208,66,61,48,105,824,0,907,938,870
248,194,442,150,76,66,46,54,828,0,907,938,874
204,178,370,115,65,65,44,48,796,0,887,903,850
134,188,484,127,64,53,38,42,678,0,635,701,732
97,163,506,148,76,54,38,36,560,0,119,297,462
58,173,421,146,72,48,33,32,483,52,0,77,176
57,164,486,182,80,51,30,30,427,109,0,24,31
62,153,539,181,82,60,36,32,389,143,0,4,15
62,156,554,170,78,61,36,32,344,177,0,0,3
48,134,462,126,65,50,30,28,316,192,0,0,3
38,150,490,116,54,42,25,21,285,221,0,0,3
74,218,519,186,75,49,35,37,254,234,0,0,3
130,252,563,209,76,48,36,50,219,236,0,2,0
153,241,561,226,78,49,36,51,173,270,0,2,3
134,210,559,191,61,43,31,41,142,307,0,2,3
119,182,377,170,56,39,30,37,97,346,0,2,0
105,194,438,139,50,34,28,34,73,364,0,4,3
94,182,491,147,62,41,28,35,62,374,0,2,3
130,149,374,124,62,45,31,42,62,380,0,2,0
178,161,326,103,82,51,29,46,62,385,0,4,3
211,169,363,127,83,50,29,48,59,393,0,10,3
196,163,388,170,83,48,28,51,55,393,0,13,3
223,161,387,182,69,39,31,54,52,393,0,24,3
355,170,382,194,72,54,43,107,52,393,0,32,3
426,181,390,158,66,49,52,142,52,390,0,63,3
529,232,418,205,64,44,56,155,52,348,0,113,3
657,228,415,207,62,55,53,152,52,231,0,190,15
676,204,497,213,61,62,51,155,52,158,0,269,27
680,160,462,173,49,57,47,157,52,62,0,365,47
634,181,408,170,49,39,39,148,76,0,111,473,141
651,178,339,159,61,53,65,168,184,0,291,567,301
609,151,338,134,59,63,67,171,306,0,451,637,435
517,151,376,154,50,66,59,151,361,0,543,679,509
594,193,359,153,58,53,42,127,427,0,683,740,607
591,202,354,162,57,48,43,130,480,0,775,777,662
526,198,457,186,68,40,37,126,532,0,839,810,721
580,166,426,200,58,53,51,160,567,0,907,838,768
616,184,511,198,71,63,57,184,588,0,943,863,799
655,212,468,183,80,76,67,220,605,0,983,887,830
825,320,578,300,104,88,89,306,633,0,1023,922,877
918,354,659,388,119,101,95,310,671,0,1023,952,913
951,460,879,456,126,108,101,265,678,0,1023,972,932
855,431,849,394,119,92,83,204,688,0,1023,1007,975
784,387,770,349,114,81,75,200,688,0,1019,1007,983
534,300,622,288,104,72,58,143,688,0,1019,1007,983
281,205,498,155,74,61,36,53,688,0,1019,1005,983
220,173,422,113,59,43,32,37,688,0,983,963,956
130,136,410,105,59,38,34,35,675,0,871,887,870
111,129,389,118,72,39,32,33,574,0,636,685,697
59,137,489,166,75,39,29,31,497,0,350,495,501
53,138,526,164,66,45,26,31,417,0,3,293,254
41,112,467,137,75,53,27,31,354,0,0,205,101
49,146,557,138,70,64,32,30,309,65,0,157,39
53,142,590,126,65,59,31,30,264,140,0,107,23
49,117,561,95,65,56,32,30,233,179,0,76,23
42,99,458,95,66,74,30,28,208,195,0,61,23
45,159,496,117,63,74,32,26,191,221,0,43,19
55,204,445,144,73,67,33,29,180,223,0,32,15
64,219,383,181,76,59,37,30,177,244,0,19,7
61,208,496,188,77,62,37,33,173,252,0,13,3
50,188,486,166,73,61,40,32,173,265,0,8,7
53,182,521,191,61,53,37,35,173,273,0,8,3
55,164,561,239,58,59,44,39,170,294,0,6,0
60,160,553,215,63,90,88,54,167,301,0,6,0
66,199,507,227,72,100,101,56,163,314,0,6,0
77,203,440,204,74,118,113,64,163,327,0,8,3
75,209,462,215,66,106,92,56,163,338,0,13,3
81,220,486,215,79,109,104,57,163,351,0,28,0
78,224,552,210,69,104,95,51,163,367,61,50,3
81,228,509,201,81,129,109,57,163,385,126,78,3
80,229,560,186,81,130,114,63,163,398,166,102,3
88,245,516,193,99,130,123,97,163,406,224,142,3
92,254,490,200,90,124,123,92,163,413,267,166,0
92,270,557,193,87,111,114,78,163,416,278,184,0
87,238,498,161,90,121,112,53,163,416,300,210,0
81,210,462,172,97,112,106,54,163,419,318,234,0
65,181,451,163,86,90,90,48,163,419,321,238,3
67,148,363,139,80,85,84,43,163,419,321,240,0
59,150,298,146,75,73,49,32,163,416,318,238,0
65,160,210,187,81,73,45,36,163,419,314,240,3
51,154,219,180,82,72,39,35,163,419,231,227,3
48,145,310,127,67,61,36,33,163,416,36,197,3
57,213,516,161,60,55,34,29,163,416,0,151,3
61,236,575,171,66,58,33,30,163,416,0,122,0
61,251,540,167,70,60,29,32,160,419,0,107,0
61,208,488,145,66,62,33,37,163,416,0,76,0
62,154,444,118,65,78,41,40,163,416,0,74,3
82,118,440,130,60,69,44,44,163,413,0,74,3
96,122,501,134,54,64,47,48,163,411,0,74,3
101,180,457,124,51,77,73,70,163,406,0,100,3
134,188,443,124,59,80,80,80,163,406,0,133,3
150,184,326,120,60,81,74,71,163,406,0,221,3
172,184,325,148,58,71,99,89,163,406,0,291,3
178,182,356,172,52,90,117,119,163,406,0,374,3
267,212,355,158,62,106,232,206,163,403,0,525,3
262,216,370,135,64,92,264,218,163,406,0,665,0
271,185,368,114,63,122,236,180,163,406,0,762,0
265,180,363,106,66,135,235,180,163,406,0,845,0
282,166,366,120,80,146,306,220,163,406,0,895,3
243,194,360,106,77,132,348,233,163,406,0,915,3
322,192,348,183,58,124,392,276,163,406,0,946,3
291,234,396,192,54,114,359,258,163,406,0,950,3
206,209,409,143,51,113,281,191,163,406,0,950,3
167,213,357,150,52,111,241,159,163,406,0,950,3
134,186,368,126,53,81,169,126,163,406,0,950,3
74,173,351,125,56,61,93,73,163,406,0,915,0
56,150,308,102,59,82,61,51,163,406,0,786,0
52,150,308,136,63,84,37,32,163,406,0,547,0
49,129,423,148,59,88,33,29,163,406,0,319,0
49,185,546,191,67,70,31,33,163,406,0,205,0
64,207,525,171,67,83,36,32,163,406,0,142,0
61,223,506,158,63,70,34,31,163,406,0,85,0
60,185,347,124,61,59,36,29,160,403,0,59,0
54,166,326,125,67,56,39,34,163,403,0,56,0
172,153,325,149,74,64,92,83,156,400,0,65,0
192,155,340,161,55,60,142,102,156,403,0,201,0
205,179,348,175,55,68,199,133,156,403,0,346,0
221,171,320,134,56,60,184,123,156,400,0,534,0
269,201,352,167,67,72,230,173,156,400,0,674,3
263,194,334,158,80,94,301,240,156,403,0,830,3
244,188,383,127,76,102,386,286,156,403,0,884,3
276,202,431,124,82,136,446,311,156,400,0,922,3
286,239,431,144,84,148,506,331,160,403,0,946,7
239,236,383,175,76,126,413,264,156,403,0,955,7
127,180,296,144,55,59,192,95,156,400,0,955,7
75,158,310,141,51,44,112,64,153,403,0,928,3
66,162,402,142,49,43,72,49,149,400,0,828,3
60,198,497,174,58,47,41,33,142,400,0,587,3
80,286,579,281,76,44,36,33,135,400,0,300,3
77,279,581,302,85,54,31,35,135,403,0,192,3
79,275,524,284,83,58,32,37,132,400,0,122,3
77,272,501,222,81,65,36,40,132,403,0,76,3
80,270,423,211,78,60,39,38,128,400,0,52,3
79,259,430,218,83,69,40,37,125,400,0,43,3
58,159,370,180,64,57,37,40,121,398,0,43,3
116,117,356,174,50,53,61,76,121,395,0,61,3
177,143,335,154,55,50,102,104,121,393,0,232,3
183,159,322,152,63,65,144,122,121,395,0,424,3
215,206,334,143,64,80,191,149,121,393,0,617,3
243,261,392,182,70,120,349,270,121,393,0,746,3
251,244,513,187,73,143,459,271,121,393,0,913,3
187,229,471,183,78,161,623,291,125,393,0,979,11
250,210,406,222,77,148,600,265,125,393,0,996,15
227,215,359,209,77,115,509,202,121,393,0,1007,23
222,223,335,226,84,111,360,172,121,393,0,1007,27
108,181,356,183,85,99,284,125,121,393,0,996,19
99,161,391,213,77,69,120,71,121,393,0,865,19
71,201,356,235,76,64,75,48,118,395,0,676,11
71,195,335,214,71,51,42,31,100,393,0,438,3
70,231,527,202,76,49,39,36,100,390,0,313,3
71,217,509,198,75,49,37,35,104,382,0,240,3
69,197,350,173,69,52,32,35,100,382,0,201,3
72,169,476,204,77,49,31,29,104,377,0,194,3
62,135,573,204,84,53,32,27,104,377,0,194,7
67,140,601,191,76,52,32,29,100,372,0,190,7
114,165,575,234,68,53,33,41,100,369,0,181,19
156,171,582,239,61,53,37,47,104,356,0,179,50
359,200,525,246,84,61,48,98,100,354,0,181,175
478,214,396,189,80,56,51,124,104,351,0,190,304
518,198,548,236,62,53,54,143,100,351,0,219,406
561,209,638,250,61,53,63,161,100,351,0,322,499
498,177,611,251,60,46,62,137,100,351,0,409,534
403,198,663,240,69,47,59,110,100,351,0,479,570
300,167,569,206,69,53,55,83,100,351,0,560,659
356,168,510,207,63,54,66,113,100,351,0,595,710
349,151,469,167,56,54,54,102,100,351,0,646,773
360,201,546,207,57,54,59,104,100,351,0,674,812
205,189,534,195,51,51,46,60,104,354,0,681,839
170,162,474,190,48,46,39,50,100,351,0,681,839
90,177,396,142,64,54,33,33,104,348,0,661,816
76,181,382,141,65,53,31,31,100,343,0,543,691
59,192,390,128,55,46,31,30,100,338,0,352,546
75,297,568,167,68,47,31,31,100,338,0,271,230
75,348,611,182,76,64,33,36,100,335,0,230,66
84,354,537,157,75,68,36,42,100,335,0,170,11
89,392,518,147,70,74,50,43,100,333,0,135,0
93,371,476,161,72,85,54,47,104,330,0,116,0
62,160,394,242,63,90,42,39,104,327,0,89,0
86,133,380,287,64,82,42,44,100,327,0,89,3
114,144,500,282,74,93,48,50,100,327,0,89,11
172,181,535,231,70,87,54,71,104,325,0,92,81
272,181,580,206,69,75,58,101,104,317,0,120,213
299,174,565,194,61,81,59,103,104,312,0,232,361
306,126,447,181,60,79,60,107,100,309,0,324,490
282,155,515,210,68,74,51,78,104,312,0,411,595
312,163,521,207,61,70,65,116,104,312,0,477,661
267,173,442,237,69,68,66,115,104,312,0,543,727
205,146,354,208,73,63,53,93,104,312,0,580,762
179,123,305,155,62,57,45,77,100,312,0,593,777
86,107,309,125,60,65,40,43,104,309,0,591,777
83,150,362,122,58,65,36,37,104,307,0,589,781
89,228,372,119,62,83,38,40,104,304,0,549,774
71,265,389,116,60,74,35,35,104,299,0,416,653
57,286,466,189,72,76,34,29,104,294,0,300,493
58,273,502,176,70,75,33,31,104,294,0,251,381
63,261,618,141,64,72,30,33,100,294,0,197,147
64,278,575,124,48,76,26,31,100,294,0,166,35
70,263,461,135,58,92,32,35,100,294,0,142,11
78,235,361,139,71,96,40,36,104,291,0,133,3
88,215,462,159,68,78,38,34,100,291,0,122,3
78,162,507,228,73,64,36,35,104,294,0,116,3
109,141,486,221,70,73,36,35,104,294,0,113,7
100,94,455,151,69,78,38,33,104,291,0,113,35
152,169,489,156,73,83,45,61,100,288,0,113,143
147,174,523,160,70,81,56,73,104,283,0,122,311
110,167,527,201,61,93,51,68,104,283,0,135,381
237,155,520,220,64,91,59,98,100,283,0,162,462
445,164,535,231,85,84,62,119,100,283,0,243,517
464,166,487,216,86,83,68,122,104,283,0,311,602
285,160,423,195,58,74,60,97,104,283,0,368,676
255,155,443,177,62,55,65,97,104,283,0,418,711
205,158,485,151,65,71,58,87,104,283,0,442,731
94,153,484,140,62,80,36,41,104,286,0,440,731
73,208,460,171,69,92,40,42,104,286,0,440,731
63,206,341,155,60,76,35,34,104,283,0,409,696
82,258,417,159,53,63,35,38,100,283,0,284,517
80,260,393,114,47,72,37,37,104,283,0,238,439
71,228,418,133,55,77,39,31,97,281,0,212,268
73,225,474,152,58,91,41,30,97,283,0,177,77
62,225,517,189,64,76,36,34,97,283,0,153,35
54,172,474,170,55,83,33,32,97,281,0,138,35
63,161,399,183,48,68,28,32,100,283,0,122,35
116,146,438,173,55,77,41,45,97,283,0,120,46
147,130,445,188,59,69,50,63,97,283,0,124,186
146,131,445,181,63,75,50,62,97,283,0,159,357
117,108,386,147,63,95,51,58,97,281,0,232,497
167,128,368,153,61,94,47,57,97,283,0,293,595
192,175,579,205,58,84,47,77,97,281,0,378,661
191,186,644,226,55,83,58,92,100,281,0,422,707
213,144,573,203,70,96,66,87,100,283,0,470,742
217,145,462,197,70,92,62,84,100,281,0,497,750
200,161,455,206,71,80,56,72,100,281,0,506,750
93,167,385,179,76,73,47,48,100,283,0,506,754
75,195,371,168,72,65,36,35,97,281,0,501,739
64,251,425,190,66,55,38,34,97,281,0,400,665
74,250,465,192,63,70,39,35,97,281,0,251,509
78,260,494,187,69,67,41,39,100,281,0,230,272
78,245,550,188,76,98,47,40,97,281,0,184,89
105,219,492,142,64,95,54,45,100,283,0,166,31
138,179,416,106,62,94,56,57,97,281,0,164,23
318,130,399,110,66,86,141,176,100,278,0,184,23
332,167,385,125,70,104,147,188,97,281,0,322,19
378,215,499,143,59,102,155,194,100,281,0,416,23
271,206,528,115,59,72,168,147,97,281,0,626,23
251,178,447,81,59,83,176,159,97,278,0,727,23
247,158,425,95,91,148,261,224,97,281,0,799,23
255,180,415,107,96,160,313,246,97,281,0,884,23
199,169,363,114,86,135,311,233,93,278,0,911,23
172,150,323,115,73,115,302,206,93,281,0,933,23
144,144,296,115,65,103,250,166,93,281,0,939,23
101,164,245,133,65,93,153,108,90,281,0,935,23
65,172,211,119,56,65,58,45,86,281,0,869,23
54,158,279,94,61,72,40,31,86,281,0,692,19
53,140,317,106,73,81,36,31,83,278,0,497,15
60,159,395,153,84,78,39,31,80,281,0,381,11
56,153,463,150,79,82,39,28,73,281,0,256,11
52,155,466,141,75,83,40,31,73,278,0,223,7
45,172,494,134,65,76,35,24,62,281,0,184,7
65,185,421,140,70,78,40,34,59,278,0,166,3
64,177,398,122,55,71,45,36,55,281,0,166,3
80,210,479,162,52,67,51,40,41,281,0,166,0
68,220,518,174,54,77,62,41,38,288,0,166,0
76,205,432,163,65,97,88,52,38,294,0,168,3
67,223,377,119,79,117,119,61,34,320,25,197,3
74,220,382,124,86,130,125,67,34,333,148,260,0
82,244,407,148,96,156,141,73,34,343,271,330,3
81,220,378,192,124,160,161,79,34,364,347,411,3
81,235,381,191,127,161,170,88,34,385,394,464,3
68,200,307,145,92,126,131,75,34,400,441,523,3
70,170,310,138,69,103,87,55,34,400,441,527,3
89,188,313,145,67,97,77,48,34,403,441,527,3
77,163,267,124,62,71,55,40,34,400,437,519,0
37,121,249,105,54,66,32,26,34,400,386,440,3
38,104,347,114,74,165,51,26,34,400,238,357,3
48,114,454,120,79,194,61,28,31,400,25,326,3
51,120,420,120,82,186,60,31,20,395,0,267,7
49,146,387,108,70,123,39,29,3,385,0,247,3
41,153,324,101,67,103,37,26,0,382,0,243,3
45,166,284,101,53,90,35,25,0,380,0,240,3
49,183,313,124,53,79,33,28,0,380,0,243,3
64,277,337,143,55,69,35,32,0,380,0,240,3
80,306,280,120,56,73,38,36,3,354,0,243,3
77,282,259,102,54,70,44,38,0,320,0,243,3
64,173,296,128,51,81,45,39,0,260,0,243,3
68,181,333,134,58,82,46,45,0,104,0,243,7
61,177,340,107,58,79,40,40,0,0,0,243,3
72,211,360,125,61,77,37,46,0,0,0,243,3
75,214,314,149,69,87,46,54,0,0,0,243,3
73,210,323,164,77,87,59,60,3,0,0,243,3
65,144,268,168,71,94,55,50,3,0,0,243,3
51,147,231,108,59,81,36,33,0,0,0,243,3
35,136,230,120,80,73,28,26,3,0,0,243,3
37,113,266,122,91,73,30,22,3,0,0,243,3
42,111,263,92,79,68,30,23,3,0,0,245,7
55,149,236,77,64,49,28,30,3,0,0,243,3
49,161,200,79,70,54,27,28,0,36,0,243,3
43,147,231,81,91,54,28,25,0,124,0,243,0
45,138,302,83,93,53,29,28,3,236,0,243,3
42,109,313,80,81,48,26,31,0,291,0,243,3
35,128,365,110,86,47,27,31,0,346,0,243,3
38,166,403,119,87,50,29,29,0,364,0,243,3
46,176,531,151,81,48,30,30,0,385,0,240,3
52,134,475,194,93,51,31,32,0,387,0,236,3
56,128,352,201,123,62,35,32,0,393,0,232,3
54,116,291,176,125,61,33,34,0,393,0,232,3
56,120,272,171,104,53,30,32,0,346,0,234,3
40,107,299,153,84,47,29,25,3,273,0,232,0
43,125,402,126,82,52,30,24,0,234,0,234,0
42,113,375,95,88,49,29,24,0,236,0,234,0
43,136,416,100,88,41,25,28,0,231,0,232,3
39,119,274,78,82,40,27,29,0,231,0,232,3
44,135,294,83,72,40,27,25,0,231,0,232,3
40,128,289,84,97,49,30,23,0,234,0,232,3
38,116,243,82,113,58,30,23,0,231,0,232,0
42,90,208,91,108,57,31,23,0,234,0,232,3
42,81,199,90,83,46,29,21,0,234,0,234,3
33,92,234,122,85,47,26,23,0,244,0,234,0
39,98,293,147,97,49,30,30,0,301,0,234,3
44,104,357,149,96,53,32,30,0,369,0,232,3
53,112,357,122,107,60,33,28,0,463,0,232,0
49,101,360,118,118,73,40,28,3,557,0,232,0
35,99,230,104,115,78,44,26,3,564,0,232,3
35,88,236,90,81,59,39,20,0,564,0,232,3
36,98,209,76,65,47,32,24,3,564,0,232,0
40,111,214,77,72,46,28,28,3,564,0,232,3
39,135,285,85,69,49,29,29,3,564,0,234,3
38,130,303,88,78,51,29,27,3,570,0,232,3
30,108,301,80,77,50,27,23,3,572,0,234,0
31,77,218,86,75,58,32,23,3,588,0,234,0
29,85,216,74,69,60,38,24,3,590,0,232,3
56,202,213,75,61,57,36,29,3,590,0,232,3
63,225,236,74,57,54,30,29,3,590,0,234,3
54,197,257,79,48,59,36,30,3,588,0,232,3
53,176,383,108,48,54,38,34,0,489,0,234,3
58,183,409,155,95,49,33,34,0,504,0,232,3
59,182,355,150,112,60,34,31,0,564,0,232,3
61,190,306,138,110,66,37,33,0,603,0,234,3
54,187,306,99,62,52,37,37,0,635,0,234,3
57,161,329,107,79,47,41,40,0,697,0,232,3
51,184,310,100,86,41,31,30,0,736,0,232,3
51,167,319,110,89,49,30,31,0,762,0,232,3
46,152,315,113,83,51,30,33,3,786,0,234,3
47,138,308,109,83,53,33,37,0,801,0,232,3
46,180,377,112,77,49,33,37,0,822,0,234,3
55,179,430,107,57,44,42,52,0,830,14,234,3
61,188,371,100,75,56,55,62,0,832,57,234,3
71,166,349,108,90,58,60,64,0,832,65,232,3
56,143,304,96,82,49,43,43,0,832,65,234,3
39,105,286,101,116,65,39,32,0,832,65,232,3
38,87,178,82,116,63,32,23,0,832,57,234,3
41,72,167,63,93,46,30,24,0,832,0,234,3
40,85,153,60,86,49,32,26,0,817,0,232,3
41,83,207,96,105,60,35,29,0,773,0,232,3
33,74,222,106,95,54,30,29,0,666,0,234,0
36,97,239,105,90,48,39,30,0,609,0,234,0
39,105,320,102,85,49,40,32,0,580,0,232,3
41,125,396,114,93,55,44,33,0,572,0,234,3
39,116,393,108,75,52,35,29,0,572,0,232,3
38,114,315,122,81,50,33,29,0,572,0,232,3
39,163,329,127,68,45,30,30,0,583,0,232,3
59,210,374,161,94,50,34,37,0,593,0,232,3
60,224,373,145,93,44,30,38,3,619,0,232,0
52,176,348,117,72,34,28,31,0,642,0,232,3
47,141,327,97,73,37,28,32,0,661,0,232,3
50,132,342,109,78,44,25,31,0,692,0,232,3
55,178,319,111,88,54,34,39,0,734,0,232,3
58,211,372,106,73,59,38,41,3,806,0,232,3
73,221,382,103,62,51,42,48,3,895,0,232,3
76,205,372,121,51,43,40,48,0,968,0,232,3
72,173,447,138,69,46,42,47,3,1023,0,232,3
65,202,563,151,83,55,48,46,3,1023,28,232,3
68,219,534,110,83,62,74,56,3,1023,140,240,3
72,178,453,134,92,68,80,62,0,1023,209,256,3
69,187,515,144,94,68,79,59,0,1023,271,273,3
65,231,572,180,99,65,61,49,0,1023,289,280,3
62,265,586,186,77,49,49,38,0,1020,307,286,3
58,243,351,173,74,45,32,28,0,1020,314,289,3
38,124,184,116,71,47,33,24,3,1020,310,286,3
41,125,193,108,70,39,29,27,3,983,253,286,3
40,128,172,111,76,44,28,23,3,821,90,280,0
47,170,245,150,88,53,32,25,0,688,0,280,3
44,166,347,153,82,52,32,25,0,573,0,278,3
48,193,366,143,68,43,27,26,3,432,0,276,3
53,171,353,113,65,42,28,30,0,377,0,273,3
66,187,294,103,70,44,30,32,0,347,0,273,0
62,166,316,140,72,41,27,32,0,343,0,271,3
77,217,327,155,71,43,31,38,0,367,0,269,3
74,223,302,162,80,43,33,39,0,449,0,269,3
79,214,337,141,83,41,34,42,0,564,0,267,3
76,278,497,157,69,40,36,41,0,658,0,265,0
69,274,596,159,59,38,41,43,3,784,0,256,0
74,253,637,176,76,65,87,74,3,831,0,254,0
78,212,554,181,87,89,127,105,0,851,0,247,3
88,190,521,171,96,109,164,114,0,853,0,243,0
76,216,495,167,104,103,152,89,0,877,0,243,0
67,192,477,143,95,83,115,70,0,877,0,243,3
52,172,460,152,64,53,63,48,3,875,0,243,3
48,162,349,138,66,49,49,40,0,844,0,243,0
35,145,296,111,69,47,35,32,0,784,0,240,3
37,113,217,113,67,46,27,25,3,736,0,240,0
36,106,302,122,66,49,30,23,3,684,0,240,3
32,113,321,118,65,47,29,23,3,608,0,240,3
34,115,329,103,63,41,26,25,0,499,0,240,3
45,131,312,103,75,36,28,30,0,432,0,243,3
53,203,252,108,73,41,29,32,3,373,0,240,3
62,256,342,104,85,44,31,30,0,351,0,240,3
74,287,438,148,85,48,44,46,0,347,0,240,3
72,289,428,149,78,53,63,55,3,410,0,236,0
84,259,431,197,84,57,70,67,0,493,0,232,3
78,241,479,196,68,49,60,59,0,588,0,221,3
69,218,471,167,70,64,85,70,0,653,0,219,0
76,218,499,181,80,73,109,75,0,710,0,212,3
75,251,496,173,83,73,113,74,0,738,0,210,3
63,219,382,139,92,64,91,57,0,753,0,205,0
62,215,337,133,87,59,73,52,0,758,0,203,3
54,176,303,109,79,45,48,40,0,758,0,201,0
53,154,296,105,70,39,34,32,2,749,0,201,3
49,140,239,101,71,39,26,28,2,688,0,201,3
40,126,166,102,102,57,31,22,0,660,0,201,0
31,137,320,103,102,56,27,20,0,629,0,201,0
34,148,378,94,86,49,27,23,0,623,0,201,0
39,153,402,86,53,38,26,25,2,610,0,201,3
54,133,343,100,60,41,30,29,2,582,0,201,3
54,121,337,89,69,45,28,28,13,547,0,201,3
45,111,245,98,77,41,23,25,79,529,0,201,0
36,114,269,115,77,34,22,26,196,516,0,201,3
36,124,254,110,73,34,20,26,325,503,0,201,0
45,124,255,125,61,35,24,27,445,490,0,201,3
50,139,247,118,60,37,29,29,620,477,0,201,3
50,153,238,126,63,38,32,31,734,473,0,203,3
48,159,248,135,64,40,37,35,840,469,0,201,3
54,175,238,123,59,39,34,34,943,451,0,201,3
52,174,247,101,52,38,33,31,999,445,0,201,3
52,180,242,108,52,34,29,26,1023,443,0,201,3
41,116,233,111,71,40,30,22,1023,440,0,201,3
38,101,200,119,81,47,32,23,1015,443,0,201,3
36,109,248,98,88,47,28,23,861,443,0,201,3
39,112,238,82,74,45,24,23,614,443,0,203,3
59,166,291,112,61,42,28,28,419,443,0,201,3
79,192,341,138,45,38,31,35,200,443,0,201,0
79,188,355,150,49,34,31,35,109,440,0,201,3
65,201,290,121,54,31,28,34,26,440,0,201,3
53,178,272,105,81,45,27,29,0,438,0,201,3
50,178,288,152,89,48,29,26,0,438,0,201,3
45,135,262,139,94,50,28,27,0,438,0,201,3
38,139,287,144,79,40,27,27,19,430,0,201,3
36,148,306,112,74,41,27,28,200,421,0,201,3
37,139,273,113,62,38,29,28,332,412,0,201,3
49,150,265,105,61,39,32,29,516,397,0,201,3
45,126,226,105,62,42,33,29,655,390,0,201,3
53,157,227,115,64,46,37,33,839,380,0,201,3
47,180,261,132,48,42,36,29,952,373,0,201,3
45,166,214,119,51,36,31,27,996,367,0,201,3
40,134,214,102,66,39,33,26,1023,367,0,201,3
36,94,196,97,70,38,29,24,1023,367,0,201,3
32,76,176,109,74,35,27,22,1008,367,0,201,3
24,97,196,86,66,36,26,21,795,367,0,203,3
35,171,233,79,58,37,25,22,647,367,0,201,3
39,179,248,86,66,39,23,21,402,367,0,201,3
43,190,265,129,73,44,22,27,210,364,0,203,3
43,161,267,126,66,39,20,25,99,367,0,203,3
42,162,248,134,59,37,24,20,31,367,0,201,3
43,152,241,103,68,40,30,21,0,367,0,201,0
42,138,219,109,71,40,28,24,0,367,0,201,3
35,133,197,125,72,41,29,26,0,367,0,203,3
37,142,238,142,67,41,31,27,62,367,0,201,3
32,124,241,118,63,38,31,26,262,364,0,201,3
33,98,189,128,67,39,31,25,462,356,0,201,3
37,121,202,143,60,36,34,31,669,349,0,201,3
60,142,221,145,56,55,64,63,895,349,0,201,3
76,151,246,160,68,63,75,73,1023,349,0,201,3
74,177,329,168,97,70,67,61,1023,343,0,201,7
71,204,410,161,97,67,59,49,1023,341,0,201,7
52,185,423,115,84,56,42,36,1023,343,0,201,7
35,110,291,72,56,35,24,28,987,356,0,203,3
33,114,236,73,73,43,23,26,853,371,0,201,7
35,140,233,95,84,44,22,22,637,380,0,201,3
40,161,232,135,88,46,23,25,434,382,0,201,3
41,145,227,136,70,41,23,23,258,382,0,201,3
39,168,238,121,90,50,25,22,187,382,0,203,3
42,194,332,118,81,46,25,23,129,382,0,201,3
42,208,375,136,77,47,27,29,69,382,0,203,3
37,188,304,103,64,39,25,31,26,419,0,201,3
43,184,253,81,59,38,33,38,8,458,0,201,3
39,164,200,123,63,40,34,33,0,480,0,201,3
54,232,292,126,71,41,45,39,0,525,0,201,0
60,238,302,125,72,47,52,38,0,564,0,203,3
49,196,292,122,55,42,57,40,0,592,0,201,3
48,163,283,123,60,38,56,42,0,640,0,201,3
41,148,362,143,59,39,60,41,0,666,0,201,3
45,155,346,119,64,40,62,46,0,703,0,201,3
49,159,284,135,74,49,60,46,0,723,0,201,0
55,173,341,146,81,55,63,49,0,736,0,201,3
52,195,363,147,72,51,56,41,0,747,0,201,3
52,172,378,121,81,45,43,34,0,747,0,201,3
44,149,313,122,82,45,33,27,0,744,0,201,3
41,122,278,122,83,47,28,26,0,695,0,201,3
34,90,293,110,82,49,28,24,0,586,0,201,3
42,102,311,98,60,44,24,26,0,497,0,201,3
50,128,356,103,70,47,31,30,0,440,0,201,0
54,131,351,132,76,45,32,32,0,399,0,201,3
57,128,249,138,69,40,30,33,0,364,0,201,3
43,170,254,147,61,36,23,25,0,347,0,201,3
42,223,268,111,58,35,25,23,0,338,0,201,3
56,255,282,106,68,62,59,40,0,336,0,201,3
54,216,298,103,73,71,81,52,0,336,0,201,3
40,156,325,115,74,79,99,53,0,334,0,201,0
45,162,308,121,75,91,111,62,0,334,86,203,3
51,151,322,128,72,98,122,61,0,330,202,225,3
50,147,274,106,84,107,144,67,0,330,303,278,0
48,152,293,100,90,122,161,74,0,327,354,324,0
71,201,436,169,99,125,156,75,0,327,408,378,0
73,199,422,167,88,109,136,71,0,327,430,398,3
74,220,373,171,110,109,140,72,0,327,437,411,3
56,178,304,143,93,77,93,48,0,330,437,411,0
51,178,260,135,72,64,75,39,0,330,437,414,3
39,155,198,113,65,38,28,26,0,330,433,411,3
35,139,158,97,73,46,29,25,0,330,314,346,3
35,130,210,110,72,43,29,27,0,330,130,317,0
38,126,306,137,80,42,28,26,0,327,0,295,3
38,134,413,138,76,42,28,26,0,330,0,267,3
32,131,438,109,83,45,30,24,0,330,0,238,0
35,170,419,108,83,43,27,24,0,327,0,214,0
39,167,334,83,61,37,26,28,0,327,0,210,3
52,141,287,108,60,42,51,48,0,330,0,210,3
58,163,296,105,66,39,85,67,0,327,0,221,0
60,178,268,89,64,63,221,132,0,330,0,289,3
80,194,313,103,64,74,260,133,0,327,0,409,3
97,166,273,110,58,66,225,107,0,327,0,613,3
134,225,363,122,87,137,402,239,0,327,0,764,0
129,213,350,148,91,142,407,257,0,330,0,841,0
115,186,380,140,75,144,475,283,0,330,0,904,0
130,158,376,141,81,171,579,330,0,327,0,935,0
99,181,392,165,71,141,490,251,0,330,0,952,3
80,193,300,146,53,112,393,184,0,330,0,955,3
79,215,329,146,57,70,240,128,0,327,0,955,3
73,145,347,125,68,64,169,91,0,330,0,933,3
65,133,372,159,84,59,103,70,0,327,0,795,3
59,147,415,134,78,54,78,54,0,330,0,514,3
58,169,437,131,71,48,43,37,0,327,0,293,3
54,193,615,179,62,44,38,32,0,330,0,249,3
48,191,593,168,59,37,28,28,0,330,0,192,3
43,198,373,124,49,30,26,27,0,327,0,188,0
61,280,435,188,61,38,43,49,0,327,0,188,3
151,273,435,190,59,39,87,73,0,327,0,225,0
184,197,521,153,52,39,129,104,0,327,0,352,3
171,181,499,141,57,58,200,126,0,330,0,593,3
233,184,434,182,78,118,371,244,0,327,0,792,0
237,166,365,191,79,135,453,286,0,330,0,847,3
240,189,330,137,75,119,377,245,0,327,0,884,3
144,196,303,97,84,91,271,192,0,327,0,887,3
137,216,277,148,85,75,204,161,0,330,0,880,3
67,214,366,165,84,56,79,60,0,327,0,751,3
59,183,407,154,59,43,53,46,0,330,0,571,3
56,163,376,135,72,51,42,28,0,330,0,326,3
62,198,435,144,71,47,32,28,0,327,0,262,0
57,195,417,128,64,43,27,26,0,327,0,214,0
55,203,486,107,58,37,29,31,0,327,0,203,0
58,154,441,154,62,37,46,44,0,330,0,203,3
104,192,418,170,64,41,121,85,0,327,0,210,3
125,167,313,164,51,46,173,131,0,327,0,317,3
138,118,300,119,46,58,203,163,0,327,0,427,3
122,130,368,140,68,69,169,140,0,327,0,532,0
137,137,357,138,71,71,167,142,0,330,0,683,0
126,174,322,128,72,64,149,122,0,334,0,729,3
157,161,313,150,62,90,310,216,0,334,0,786,0
158,168,292,144,55,91,329,222,0,336,0,823,3
135,166,261,131,64,72,227,159,0,336,0,830,3
121,191,205,123,66,61,180,124,0,336,0,834,3
110,153,234,118,69,60,151,92,0,336,0,836,3
71,194,421,183,75,53,130,74,0,341,0,832,3
55,194,434,188,68,43,74,49,0,345,0,744,3
53,208,415,183,69,38,47,37,0,347,0,578,3
58,208,414,144,72,47,36,35,0,347,0,400,3
58,170,384,153,80,58,36,39,0,347,0,291,3
45,139,262,133,85,60,34,31,0,347,0,240,3
40,144,289,127,73,45,27,26,0,347,0,210,3
39,148,333,103,66,42,29,26,0,347,0,181,3
41,142,339,153,74,46,29,28,0,347,0,181,0
45,194,451,167,73,45,26,29,0,347,0,181,3
57,171,419,184,56,39,28,34,0,347,0,181,3
53,160,364,166,58,37,27,33,0,347,0,179,3
70,165,342,177,63,38,30,35,0,347,0,181,3
78,165,350,142,52,34,29,31,0,347,0,181,3
100,193,420,135,57,36,24,30,0,347,0,181,3
98,199,445,127,56,39,22,28,0,347,0,181,3
116,199,415,147,66,42,23,32,0,347,0,181,3
169,181,334,137,70,43,23,43,0,347,0,181,7
190,172,328,133,60,37,22,50,0,347,0,181,7
192,188,249,125,61,38,30,62,0,347,0,184,19
185,186,246,129,59,35,32,62,0,347,0,188,31
337,160,280,120,65,39,38,136,0,347,0,194,38
364,115,304,101,68,42,38,144,0,347,0,236,85
423,136,339,124,64,42,39,146,0,347,0,247,131
392,127,293,119,58,34,34,84,0,347,0,260,201
508,150,297,134,80,50,56,140,0,347,0,311,364
478,128,315,130,73,45,54,139,0,347,0,326,441
387,113,325,129,60,35,35,103,0,347,0,359,515
397,113,333,138,61,36,37,110,0,347,0,392,554
286,126,339,146,65,40,39,90,0,347,0,433,573
307,119,355,146,61,39,38,79,0,347,0,470,592
382,142,370,157,65,41,41,101,0,347,0,512,600
368,143,342,180,63,38,38,91,0,347,0,525,604
186,157,262,154,63,35,27,48,0,347,0,523,604
115,233,347,143,78,45,30,37,0,347,0,514,600
84,254,330,141,75,48,29,33,0,347,0,405,569
63,273,415,148,79,51,29,30,0,347,0,295,364
58,246,369,122,68,47,27,29,0,347,0,230,73
68,257,338,164,87,51,34,34,0,347,0,194,27
60,219,347,152,87,51,32,30,0,347,0,157,7
62,224,358,141,76,44,29,31,0,347,0,144,7
51,172,398,190,62,35,22,28,0,347,0,138,3
67,134,416,219,67,36,21,25,0,347,0,135,7
103,119,432,207,80,42,26,35,0,347,0,133,7
203,107,305,155,72,46,35,67,0,347,0,135,7
346,126,327,133,72,50,47,119,0,347,0,135,42
363,126,361,162,67,49,47,121,0,347,0,142,108
341,125,336,170,69,48,38,92,0,347,0,164,193
330,124,360,168,67,42,28,87,0,347,0,190,263
357,148,482,155,56,34,30,97,0,347,0,223,352
348,143,474,165,76,44,31,87,6,347,0,260,441
429,146,524,176,82,47,40,119,6,347,0,291,515
390,141,419,181,78,49,43,118,8,347,0,313,604
314,129,386,175,56,42,34,87,15,347,0,343,658
414,126,326,162,61,45,42,105,15,347,0,385,689
421,157,449,169,67,42,43,98,15,347,0,460,697
397,139,416,151,64,37,46,101,15,347,0,516,693
254,119,364,117,60,38,34,67,15,347,0,527,693
183,146,311,125,70,44,34,50,15,347,0,530,693
76,181,312,134,71,40,27,37,13,347,0,501,693
67,233,380,136,65,38,28,34,15,347,0,346,643
59,240,380,150,58,37,27,31,15,345,0,260,468
53,185,344,122,49,33,25,30,15,347,0,199,193
89,144,322,124,50,36,24,38,15,347,0,173,54
140,129,288,126,57,41,26,46,15,347,0,173,38
253,181,368,195,66,46,37,87,15,345,0,177,38
292,213,390,208,73,51,44,92,15,345,0,223,42
277,192,382,194,87,54,45,81,15,347,0,278,46
345,190,439,182,88,50,42,98,15,347,0,330,65
364,170,476,172,81,48,42,107,13,347,0,387,93
524,150,388,137,56,40,47,159,15,347,0,457,143
517,173,367,153,54,35,44,160,15,347,0,516,197
578,244,408,166,64,37,52,185,15,351,0,571,259
498,260,438,170,66,54,52,158,15,367,68,615,321
528,168,367,134,50,58,52,143,15,386,133,657,379
524,184,447,161,58,60,54,132,15,403,187,681,426
597,172,409,126,57,55,63,183,24,417,271,722,488
612,191,459,165,68,53,65,188,26,423,339,760,538
651,238,494,171,72,55,65,198,33,434,404,792,596
417,252,443,167,74,54,45,114,33,449,448,810,627
327,238,447,159,77,49,37,99,49,471,513,832,666
322,228,465,171,77,41,34,84,60,514,567,847,701
303,198,442,147,71,46,33,81,66,547,607,856,732
331,167,331,125,59,50,34,93,78,579,654,865,755
305,168,376,132,54,46,33,85,93,627,715,874,790
294,173,417,157,78,48,36,88,113,682,769,882,806
372,160,405,144,78,53,37,80,120,725,816,887,825
397,157,409,129,72,48,34,78,131,768,838,889,833
418,154,438,96,42,42,39,92,147,823,889,895,840
482,205,431,160,50,39,41,108,153,864,921,909,848
486,207,408,171,51,43,43,109,158,883,932,920,852
351,156,357,149,48,41,37,77,158,912,965,928,864
320,164,403,119,56,43,37,68,158,933,983,937,868
381,170,382,125,57,40,38,98,167,951,1015,946,879
380,140,312,118,65,51,43,107,169,966,1023,955,899
379,162,365,152,67,53,39,90,176,979,1023,963,902
406,196,389,170,78,52,35,84,182,990,1023,970,910
298,244,511,210,73,39,32,59,182,992,1023,974,914
196,214,482,180,67,29,29,53,182,992,1023,974,918
140,210,436,169,62,32,24,39,182,975,1009,974,914
119,126,238,76,56,32,21,35,180,862,917,933,864
96,120,362,86,49,29,23,30,180,744,788,860,767
68,145,419,105,87,48,32,33,173,582,469,665,558
63,186,533,122,96,58,35,31,158,482,166,477,356
58,188,556,154,91,55,35,28,133,377,0,295,162
65,175,548,152,62,34,31,31,111,338,0,216,62
72,174,548,167,60,35,25,32,91,332,0,192,42
72,172,433,165,63,36,25,33,64,325,0,177,38
78,167,412,151,52,32,25,31,53,325,0,177,34
73,155,319,141,87,47,28,29,53,323,0,179,38
75,125,288,136,92,49,28,27,53,323,0,179,38
65,117,294,108,81,44,26,28,51,321,0,177,34
64,99,264,93,74,40,24,27,122,297,0,179,38
58,90,263,84,71,39,24,27,225,284,0,179,38
57,99,293,113,52,31,24,28,436,264,0,179,38
66,156,292,119,59,31,28,32,543,256,0,177,38
60,180,302,118,58,31,28,31,668,254,0,177,38
46,169,299,126,76,37,25,23,793,251,0,179,38
44,155,326,128,69,38,26,23,860,249,0,179,38
44,156,314,127,52,31,24,23,880,247,0,179,38
33,144,323,116,62,36,26,21,882,247,0,177,38
39,109,247,106,72,38,26,24,858,249,0,177,34
55,182,251,111,76,42,30,27,619,264,0,177,38
61,219,278,113,62,42,32,30,430,273,0,177,38
67,221,352,123,68,41,30,32,258,278,0,179,34
65,222,304,128,60,35,25,31,127,284,0,179,38
63,234,262,125,68,39,23,30,60,286,0,179,38
61,270,344,191,66,44,27,29,8,291,0,179,38
55,286,366,189,58,41,28,26,0,319,0,177,34
53,292,366,145,56,30,27,23,0,343,0,177,34
42,251,369,111,55,34,33,27,0,371,0,179,38
40,143,290,92,56,36,45,35,0,417,0,179,38
56,240,412,150,69,41,62,47,0,453,0,177,34
54,258,455,163,71,47,71,50,0,490,0,177,38
49,231,392,154,66,51,70,49,0,529,0,179,38
62,195,365,120,64,57,70,47,0,564,0,179,38
70,188,416,162,76,65,71,49,0,584,0,179,38
72,180,405,177,85,65,76,52,0,610,0,179,34
61,165,418,194,89,65,66,51,0,621,0,179,34
63,189,404,155,74,48,56,49,0,621,0,177,34
50,169,461,140,69,39,40,35,0,621,0,177,34
47,166,368,125,71,42,31,31,0,616,0,177,34
44,133,324,135,92,55,33,32,0,562,0,177,34
45,99,294,119,94,55,33,29,0,471,0,179,38
48,107,261,117,84,45,28,27,0,414,0,179,38
43,156,332,120,59,35,23,29,0,356,0,179,38
39,163,367,109,56,32,20,26,0,327,0,179,34
49,199,306,120,66,42,25,32,0,299,0,179,34
59,233,214,135,63,49,41,35,0,282,0,179,38
71,261,250,168,76,71,81,51,0,264,0,179,27
67,229,283,143,75,97,132,71,0,260,0,181,31
76,271,329,142,83,105,135,72,0,260,74,205,23
69,253,300,115,85,114,139,74,0,260,193,247,19
66,191,366,104,101,137,165,80,0,260,275,311,19
60,158,328,80,108,154,187,88,0,262,360,376,19
61,135,400,97,103,157,193,88,0,269,421,451,19
66,158,389,111,106,158,202,95,0,273,448,486,19
65,211,420,132,107,134,168,79,0,280,465,516,19
59,211,286,128,104,114,126,61,0,282,465,516,19
67,227,224,153,93,67,70,45,0,284,465,516,19
59,223,233,162,78,49,42,32,0,286,465,516,15
53,203,235,162,72,46,36,31,0,288,445,486,19
59,158,305,133,72,43,30,33,0,286,305,389,19
65,117,337,124,74,43,28,31,0,286,108,361,19
72,201,444,149,76,43,30,35,0,288,0,317,19
48,202,445,154,65,42,26,29,0,286,0,278,19
46,163,353,134,64,41,25,33,0,286,0,240,15
45,163,379,118,57,35,28,30,0,288,0,227,19
43,170,322,81,55,37,30,35,0,288,0,223,19
102,167,320,97,56,35,38,64,0,288,0,223,19
190,130,279,97,58,40,104,99,0,286,0,273,15
241,136,302,117,52,37,129,121,0,286,0,387,19
244,136,308,101,57,56,157,116,0,288,0,492,19
173,140,288,123,57,69,212,143,0,286,0,637,19
193,157,349,130,56,89,337,211,0,286,0,782,19
216,194,398,136,55,112,453,280,0,286,0,911,23
197,195,408,116,68,126,473,285,0,288,0,966,23
164,184,389,107,71,105,347,189,0,286,0,994,31
163,163,358,88,70,98,317,174,0,286,0,1007,42
152,182,380,96,81,91,242,158,0,286,0,1007,42
85,172,295,122,79,73,141,102,0,286,0,1005,42
74,157,276,134,77,66,116,87,0,286,0,992,38
47,146,232,152,79,51,45,32,0,286,0,878,31
57,133,360,151,93,55,40,29,0,286,0,646,27
61,156,486,169,89,54,35,32,0,286,0,374,23
58,151,510,164,89,52,33,28,0,286,0,300,15
51,121,436,138,69,49,25,24,0,284,0,245,15
62,170,384,113,69,48,26,26,0,286,0,219,15
68,198,393,122,72,47,27,27,0,286,0,199,11
77,207,444,126,66,35,29,28,0,286,0,197,15
121,189,426,117,71,43,34,34,0,286,0,194,23
153,223,465,122,58,41,28,30,0,286,0,192,46
154,218,409,122,63,39,25,34,0,286,0,194,162
194,207,353,122,65,44,36,57,0,286,0,194,244
424,189,368,139,67,53,78,172,0,286,0,265,379
492,183,350,142,60,53,81,180,0,286,0,365,445
462,190,416,140,53,44,69,135,0,286,0,475,496
531,170,478,165,67,54,72,122,0,286,0,595,554
484,196,436,177,71,54,65,110,0,286,0,687,604
469,169,476,180,79,57,63,115,0,286,0,720,639
398,179,526,166,76,51,53,97,0,286,0,740,658
346,148,446,148,74,43,41,75,0,286,0,738,662
153,152,331,139,70,46,33,44,0,284,0,736,658
77,207,309,127,80,52,33,30,0,286,0,659,651
58,228,338,138,89,58,31,28,0,286,0,453,592
56,240,344,115,85,55,29,22,0,286,0,332,523
49,200,436,126,75,51,29,25,0,286,0,265,275
40,146,400,121,61,39,30,25,0,286,0,203,93
40,142,444,130,56,36,27,27,0,286,0,179,42
48,119,498,124,59,38,27,29,0,286,0,159,38
61,131,516,126,70,42,27,33,0,286,0,155,34
118,133,377,128,67,46,49,69,0,286,0,157,31
199,141,311,124,60,52,90,118,0,286,0,216,27
237,150,289,96,62,50,121,123,0,286,0,315,23
305,191,303,95,62,56,155,135,0,286,0,409,23
328,266,379,111,63,76,219,207,0,286,0,567,23
329,278,415,127,68,85,270,222,0,286,0,674,23
298,222,470,132,57,94,313,226,0,286,0,819,27
340,183,462,136,80,190,539,449,0,286,0,922,27
359,175,517,158,93,209,582,485,0,286,0,955,27
304,188,419,145,105,191,482,416,0,284,0,972,27
142,210,373,137,85,80,195,144,0,286,0,972,27
104,237,401,156,104,76,110,103,0,288,0,869,27
48,202,386,168,92,52,58,46,0,288,0,576,23
51,224,316,152,72,42,45,39,0,288,0,330,15
48,205,320,119,66,39,31,24,0,288,0,269,11
34,139,338,79,64,42,28,22,0,288,0,240,11
40,196,347,92,52,36,26,25,0,288,0,236,11
48,205,231,88,70,51,31,27,0,286,0,234,11
54,216,202,107,79,61,50,35,0,288,0,234,11
41,168,209,101,76,56,51,36,0,286,0,234,11
49,181,212,126,86,78,91,54,0,288,0,234,11
50,160,234,134,95,95,113,62,0,288,84,240,11
54,135,240,114,95,97,125,67,0,286,166,273,7
68,155,276,116,98,128,163,84,0,288,285,324,7
88,180,284,136,130,179,228,119,0,286,370,409,7
93,221,331,145,122,166,205,108,0,288,438,490,7
82,212,335,143,129,152,184,87,0,291,472,532,7
79,245,354,142,131,152,175,83,0,297,492,567,7
72,217,282,125,121,119,137,70,0,297,492,567,7
61,174,194,120,95,72,73,47,0,297,486,552,7
53,181,314,127,82,54,49,34,0,297,411,457,11
48,182,360,162,71,49,35,29,0,297,309,398,7
46,177,286,138,67,35,28,29,0,297,33,365,7
55,174,329,133,62,33,26,29,0,297,0,328,7
60,192,377,137,65,38,25,31,0,295,0,297,11
46,184,462,123,66,44,27,28,0,297,0,273,11
44,233,534,220,69,46,36,32,0,295,0,254,7
71,248,490,228,67,44,45,45,0,323,0,238,7
74,236,431,222,64,44,55,48,0,434,0,234,11
76,175,316,137,77,48,56,48,0,506,0,230,11
66,186,368,146,88,63,89,74,0,571,0,219,7
75,204,415,173,85,69,117,91,0,625,0,216,7
74,223,388,148,71,71,121,92,0,666,0,216,7
76,221,426,117,63,72,133,96,0,686,0,216,7
80,204,436,140,64,71,117,85,0,701,0,216,7
67,175,414,185,79,59,69,55,0,701,0,216,7
59,163,316,180,89,55,58,45,0,701,0,216,7
38,144,277,167,76,42,41,29,0,697,0,216,7
39,131,251,151,61,34,25,25,0,653,0,216,11
46,120,206,118,44,29,17,23,0,586,0,219,7
49,135,230,107,50,30,17,23,0,527,0,216,7
59,204,265,88,60,35,22,25,0,521,0,216,7
48,199,279,89,76,43,27,25,0,521,0,219,11
40,128,213,85,77,44,26,24,0,514,0,219,11
40,135,231,99,72,41,22,23,0,506,0,219,11
39,113,215,122,72,39,24,25,0,486,0,216,7
39,119,239,139,78,43,31,28,0,458,0,216,7
34,138,188,127,72,41,30,27,124,425,0,216,11
36,151,203,117,67,37,26,25,303,395,0,219,11
30,143,224,127,55,33,22,27,494,358,0,216,11
32,131,237,125,63,38,24,29,592,347,0,216,11
58,163,202,117,69,41,27,32,777,325,0,216,11
61,185,208,117,70,39,32,31,866,306,0,216,11
58,159,194,109,60,35,31,31,920,293,0,219,11
42,128,206,91,58,35,31,27,949,288,0,219,11
39,116,245,72,53,35,23,26,949,288,0,216,11
28,81,242,63,61,32,18,23,873,291,0,219,11
41,103,176,59,66,42,23,25,650,299,0,219,11
51,149,167,81,66,44,27,27,459,301,0,216,11
55,172,197,134,74,44,28,27,262,306,0,216,7
52,187,215,156,74,41,31,31,69,319,0,219,11
49,195,205,142,73,36,29,30,0,321,0,216,11
52,195,249,105,58,33,25,29,0,327,0,216,7
50,182,278,127,51,34,25,28,0,334,0,216,7
45,153,265,126,53,29,26,25,0,334,0,219,7
43,135,214,95,58,34,26,22,0,334,0,216,11
34,101,190,112,67,35,23,18,0,334,0,216,7
33,115,196,124,60,30,26,22,53,334,0,216,7
32,117,180,141,64,32,29,24,314,327,0,216,11
36,108,160,128,55,32,32,26,490,317,0,219,11
40,129,169,129,61,38,34,28,699,304,0,216,7
56,178,208,125,79,47,38,34,835,293,0,216,11
56,191,236,125,78,48,36,35,889,288,0,219,11
38,145,197,105,82,47,31,29,898,288,0,216,7
31,142,236,90,72,41,24,28,898,288,0,216,11
29,83,212,91,54,35,23,27,853,288,0,216,11
36,118,168,82,66,35,24,23,675,291,0,216,7
45,134,163,76,75,39,27,21,434,299,0,216,11
52,155,208,106,75,37,28,23,167,306,0,216,11
60,182,256,120,85,38,26,25,6,312,0,216,11
60,203,259,121,97,51,29,25,0,317,0,216,11
45,213,218,109,89,51,28,23,0,321,0,216,7
39,196,218,110,65,37,22,21,0,327,0,216,11
37,171,259,116,60,34,22,22,0,327,0,216,7
36,142,271,138,76,41,28,25,0,327,0,216,7
30,82,172,144,93,50,31,25,0,327,0,216,11
30,86,209,162,102,52,32,23,98,327,0,219,11
27,85,277,132,79,40,28,24,316,323,0,216,11
31,108,272,106,62,34,29,27,494,317,0,216,11
39,141,249,110,51,33,28,29,699,306,0,216,7
43,166,189,127,63,34,30,32,800,304,0,216,11
42,171,198,109,69,34,33,32,878,297,0,219,11
41,163,175,116,59,33,33,29,907,295,0,221,11
35,146,196,112,51,34,30,27,920,295,0,221,11
36,123,180,97,58,34,26,24,916,295,0,221,11
32,92,219,70,64,36,26,27,831,297,0,221,11
30,107,216,70,66,38,29,27,659,299,0,221,11
32,136,216,83,59,35,26,27,387,304,0,221,11
43,168,283,89,57,35,22,24,207,301,0,221,11
54,189,290,87,70,41,27,25,78,301,0,221,11
52,183,282,104,65,40,28,27,0,304,0,221,11
46,183,255,99,68,40,25,25,0,306,0,221,7
40,176,225,94,64,38,24,21,0,308,0,221,11
34,146,221,129,56,37,27,26,0,312,0,219,7
35,118,222,131,48,32,25,25,0,312,0,221,11
32,95,200,115,64,35,24,25,0,312,0,221,11
35,93,230,115,70,37,27,27,82,310,0,221,11
37,107,232,130,70,35,29,29,254,310,0,221,11
31,117,181,124,58,33,27,25,463,306,0,221,11
43,163,222,128,59,33,27,28,664,293,0,219,11
49,186,229,124,59,40,28,33,804,288,0,219,11
52,154,251,124,57,40,28,34,864,286,0,221,11
42,132,224,124,53,38,29,33,931,278,0,221,11
39,132,226,123,52,32,29,30,958,275,0,221,11
36,120,217,109,53,34,32,27,956,275,0,221,11
26,70,194,85,58,38,31,22,947,275,0,221,11
22,73,192,97,51,35,29,20,775,284,0,221,7
28,116,202,97,70,40,25,20,534,291,0,221,11
30,157,213,107,75,42,28,23,367,291,0,219,11
32,188,226,89,59,36,23,22,240,291,0,221,7
33,172,216,110,55,28,23,24,131,293,0,221,11
41,173,232,102,53,31,24,26,46,295,0,221,11
41,158,201,87,54,35,28,27,2,301,0,221,11
34,133,151,100,57,33,25,20,0,301,0,221,11
33,127,172,103,60,35,28,25,0,304,0,221,7
30,107,186,104,57,34,25,26,0,304,0,219,11
28,103,202,115,55,30,22,24,0,301,0,221,11
30,97,189,133,75,35,24,25,167,304,0,219,7
29,96,188,124,74,37,25,26,271,301,0,219,11
26,97,161,110,76,42,28,28,376,297,0,221,11
31,105,229,152,64,35,26,26,497,291,0,221,11
37,117,270,139,60,37,28,30,577,288,0,221,11
37,121,264,110,51,34,22,27,679,286,0,221,11
32,148,187,120,52,34,24,27,760,282,0,221,11
29,168,219,120,66,36,24,26,858,273,0,221,11
29,152,219,125,62,34,28,29,918,269,0,221,11
30,116,171,121,73,39,27,27,942,269,0,221,11
28,82,181,96,72,43,27,21,942,269,0,221,11
32,88,199,72,64,42,23,19,942,269,0,221,11
32,82,223,90,44,36,21,24,840,269,0,221,11
30,97,196,93,61,37,20,26,635,275,0,221,11
27,154,203,103,66,36,24,26,488,278,0,221,11
32,151,184,89,66,38,27,26,356,278,0,221,11
37,151,199,86,56,40,26,25,234,282,0,221,7
36,142,164,83,57,38,28,24,142,288,0,221,11
36,165,189,99,58,32,24,23,122,288,0,221,11
35,174,177,109,53,31,22,22,69,288,0,221,11
43,189,226,112,65,35,22,25,33,291,0,221,7
41,164,239,103,69,36,22,26,15,291,0,221,11
34,114,244,106,69,34,20,25,11,293,0,221,11
23,102,217,127,79,40,22,22,15,293,0,221,11
25,95,225,130,82,43,24,22,196,291,0,221,11
27,90,207,120,75,39,24,24,412,291,0,221,11
30,84,164,92,66,35,25,23,543,291,0,221,11
27,89,134,81,57,35,26,24,624,293,0,221,11
31,107,137,74,59,31,25,23,731,293,0,221,11
33,115,231,94,56,31,28,25,813,291,0,221,11
41,149,292,120,60,33,27,27,873,291,0,221,11
44,156,255,129,68,39,29,26,929,286,0,221,11
43,158,345,152,93,53,32,29,951,288,0,221,11
36,106,285,125,94,54,33,25,956,286,0,221,11
30,70,259,96,90,50,32,26,953,288,0,221,11
27,63,138,92,60,34,25,23,840,288,0,221,11
32,78,173,101,66,37,22,23,590,288,0,221,11
29,121,200,104,75,41,24,21,405,291,0,221,11
31,123,208,86,71,37,23,24,262,293,0,221,11
34,160,174,89,87,43,28,26,167,295,0,221,11
37,179,209,100,80,42,27,28,115,297,0,221,11
33,175,206,83,77,40,27,23,55,301,0,221,11
31,133,212,81,58,32,22,21,24,304,0,221,11
29,116,195,89,59,32,23,21,15,304,0,221,11
25,90,202,91,59,30,21,19,17,304,0,221,11
25,81,180,101,65,35,21,19,15,304,0,221,11
29,109,269,110,60,38,22,20,84,304,0,221,11
26,102,263,116,64,36,26,20,173,304,0,221,11
29,125,274,133,87,46,28,20,345,304,0,221,11
36,127,261,139,83,48,31,26,543,299,0,223,11
38,156,225,122,69,47,36,34,713,297,0,221,11
49,155,272,159,70,45,38,37,887,293,0,221,11
49,119,243,190,64,40,37,38,947,291,0,221,11
48,128,255,164,67,40,34,33,989,291,0,221,15
60,181,230,148,72,45,44,39,1009,291,0,221,11
53,187,225,115,76,42,40,36,1011,288,0,221,11
33,121,202,97,70,34,30,24,1011,291,0,221,15
25,91,179,82,66,34,25,22,936,291,0,221,11
26,95,212,74,59,32,24,22,735,295,0,221,11
38,139,305,83,65,39,27,23,450,304,0,221,11
45,146,318,85,70,49,30,24,309,308,0,221,11
42,150,306,83,70,50,29,25,207,312,0,221,11
36,125,283,92,67,44,26,25,111,317,0,221,11
42,148,290,125,65,42,26,27,17,321,0,221,11
43,189,281,151,67,45,32,27,0,325,0,221,11
37,192,286,138,62,46,37,32,0,345,0,221,11
47,161,294,149,70,39,43,47,0,369,0,221,11
55,174,330,114,60,38,63,63,0,410,0,221,11
54,192,330,98,63,39,64,64,0,456,0,221,11
47,215,282,105,57,40,51,49,0,475,0,221,11
48,217,293,117,64,42,50,48,0,516,0,221,11
46,203,311,116,57,43,58,49,0,540,0,221,11
51,183,304,113,57,44,82,61,0,573,0,221,11
45,136,317,104,58,46,81,59,0,623,0,221,11
41,162,330,103,66,47,79,51,0,642,0,221,11
41,174,321,101,74,42,57,43,0,649,0,221,11
39,175,301,114,70,39,49,36,0,649,0,221,7
36,121,305,115,71,38,37,30,0,649,0,221,7
31,99,265,98,62,34,26,26,0,645,0,221,7
37,83,272,96,66,45,29,29,0,560,0,221,11
40,139,416,117,70,46,28,29,0,473,0,221,11
38,142,433,128,67,42,26,26,0,427,0,221,11
43,185,459,116,61,36,25,27,0,369,0,221,11
43,165,329,93,62,36,27,25,0,347,0,221,11
41,141,295,92,66,36,23,24,0,325,0,221,11
46,169,238,113,53,31,30,32,0,306,0,221,11
46,190,282,137,53,39,43,38,0,293,0,219,7
52,225,290,154,59,39,46,38,0,288,0,221,7
49,212,268,139,59,45,55,33,0,288,0,221,7
55,215,305,118,57,61,81,50,0,288,37,221,7
51,168,376,99,64,74,92,53,0,288,95,221,7
54,221,466,174,78,75,83,51,0,288,214,247,7
57,225,451,199,87,99,80,47,0,288,305,291,7
82,247,645,245,86,101,93,52,0,288,346,326,7
92,255,665,216,84,110,121,62,0,291,373,361,7
81,280,819,263,94,105,119,62,0,288,380,368,11
67,261,695,243,93,88,110,54,0,288,380,368,7
58,221,465,217,86,73,91,37,0,288,377,368,7
47,168,363,180,62,56,55,30,0,288,380,370,7
48,157,291,164,58,47,37,28,0,291,346,348,7
38,140,276,164,57,36,29,26,0,291,193,282,7
51,192,441,218,86,43,26,30,0,288,0,260,7
58,192,514,219,90,45,28,30,0,291,0,238,7
57,190,510,191,79,47,30,29,0,288,0,203,7
48,158,413,144,63,43,26,26,0,291,0,194,7
54,174,423,101,69,47,31,32,0,288,0,190,7
58,165,426,99,60,36,40,40,0,291,0,192,7
54,143,386,101,66,34,51,43,0,291,0,194,7
54,158,406,111,64,36,59,39,0,291,0,225,7
58,181,320,140,66,40,80,59,0,288,0,273,7
99,170,308,159,49,36,88,67,0,288,0,328,7
109,154,257,128,45,37,102,78,0,291,0,455,7
142,159,290,92,51,54,234,126,0,288,0,635,7
132,193,342,106,55,73,289,163,0,288,0,762,7
133,177,369,116,60,99,354,205,0,288,0,889,7
148,144,342,114,65,96,336,177,0,291,0,935,7
156,169,403,96,65,129,478,261,0,288,0,961,11
123,177,453,89,76,135,463,253,0,288,0,968,11
90,169,337,132,80,101,323,176,0,288,0,970,11
66,161,286,160,81,89,256,122,0,288,0,970,7
54,156,279,131,58,44,109,62,0,288,0,968,11
55,130,266,107,63,44,80,49,0,288,0,952,7
56,126,223,92,64,41,59,39,0,288,0,869,7
51,126,384,124,57,36,34,23,0,288,0,727,7
41,140,494,139,61,32,25,22,0,291,0,497,7
43,182,472,136,61,34,25,27,0,291,0,372,7
42,169,384,123,70,45,25,27,0,288,0,315,7
43,110,340,126,68,45,27,24,0,291,0,273,7
47,94,273,135,58,40,29,25,0,288,0,254,7
48,113,324,163,83,47,29,24,0,291,0,251,7
114,140,327,159,83,45,30,35,0,288,0,243,15
176,163,388,135,63,34,28,48,0,291,0,236,31
286,145,388,140,69,41,35,70,0,291,0,236,85
314,113,351,131,70,38,32,71,0,288,0,236,182
302,112,401,123,63,32,33,70,0,291,0,245,321
270,129,456,169,63,37,30,62,0,288,0,273,395
409,136,440,187,70,44,43,105,0,288,0,319,496
601,146,455,205,75,43,58,175,0,291,0,385,558
609,181,522,199,86,42,55,182,0,291,0,475,600
630,178,494,206,99,51,54,173,0,291,0,530,604
504,155,413,192,103,58,50,130,0,291,0,587,608
446,119,381,180,90,53,49,110,0,288,0,606,612
237,96,335,143,79,43,35,57,0,288,0,606,612
181,170,398,137,51,30,30,42,0,288,0,606,612
120,229,343,127,68,36,33,38,0,291,0,598,608
73,278,377,120,64,37,30,32,0,291,0,479,573
66,227,315,150,63,33,28,31,0,291,0,328,511
46,169,288,164,54,28,22,26,0,291,0,286,302
49,171,328,185,70,35,25,25,0,291,0,258,131
49,186,470,158,71,37,24,26,0,291,0,223,34
47,162,473,144,79,45,26,27,0,291,0,199,27
36,125,416,171,76,43,26,27,0,291,0,179,23
34,102,351,163,62,36,22,25,0,288,0,170,27
120,154,367,192,61,36,29,46,0,291,0,164,31
161,164,406,200,63,34,34,49,0,288,0,157,38
291,176,495,215,63,38,38,72,0,288,0,157,131
379,162,492,179,74,47,39,79,0,291,0,166,259
385,165,448,159,77,50,43,83,0,291,0,186,383
325,148,358,135,70,42,41,82,0,288,0,238,468
313,123,369,146,64,37,36,82,0,288,0,297,519
455,128,439,143,58,34,44,129,0,288,0,433,573
474,151,473,140,59,40,49,142,0,288,0,453,573
426,144,474,120,64,43,41,112,0,291,0,530,600
372,119,435,119,71,48,49,95,0,291,0,558,608
265,105,361,121,78,49,40,55,0,288,0,558,608
139,109,344,135,70,41,27,29,0,288,0,558,608
100,110,275,124,61,39,25,28,0,291,0,497,600
65,157,244,120,62,36,26,29,0,291,0,354,550
60,174,312,129,64,39,29,29,0,288,0,282,406
45,198,403,135,65,38,27,30,0,291,0,232,174
44,152,383,122,70,48,28,30,0,288,0,192,38
48,143,384,118,78,56,32,31,0,288,0,188,31
121,137,344,89,68,45,37,41,0,291,0,184,11
181,120,365,85,52,33,50,57,0,291,0,190,7
233,93,372,80,44,24,52,61,0,291,0,280,11
389,131,323,93,40,23,45,122,0,288,0,352,11
479,162,280,99,49,43,101,174,0,288,0,464,11
531,167,246,108,62,58,123,185,0,291,0,582,11
444,178,307,119,65,65,153,170,0,288,0,661,11
512,202,376,145,67,81,264,225,0,288,0,744,11
404,181,358,132,61,83,296,220,0,288,0,841,11
287,165,354,108,62,75,293,185,0,288,0,880,15
164,136,312,100,63,54,181,116,0,288,0,893,15
155,100,301,134,73,58,170,114,0,288,0,889,11
68,128,342,139,73,46,68,35,0,291,0,784,15
50,150,392,161,82,48,49,40,0,291,0,665,11
50,135,477,152,79,39,27,35,0,291,0,497,7
52,126,444,148,77,39,28,34,0,291,0,392,7
43,97,353,152,88,50,32,30,0,288,0,348,7
40,119,304,131,71,47,27,25,0,288,0,304,7
31,111,288,131,62,41,24,23,0,286,0,289,7
29,108,284,125,61,36,22,23,0,280,0,273,7
34,149,330,144,65,42,26,22,0,269,0,267,7
37,152,292,148,63,47,41,28,0,267,0,262,7
32,132,234,117,55,42,43,28,0,264,0,262,7
36,125,335,134,57,39,39,29,0,264,0,260,7
63,137,333,128,69,39,36,43,0,264,0,258,3
65,159,315,110,59,43,48,50,0,262,200,260,3
65,162,361,108,60,59,60,53,0,262,268,269,3
77,181,411,120,55,59,61,55,0,264,333,311,3
81,192,376,121,61,79,84,60,0,284,384,392,7
73,200,356,115,59,72,88,51,0,301,384,444,3
62,207,408,128,59,81,90,45,0,310,384,473,7
64,182,449,119,72,88,98,53,0,310,401,470,3
56,152,415,152,72,83,86,46,0,310,407,470,7
51,128,281,159,71,65,60,36,0,310,407,466,3
53,143,250,166,61,39,32,27,0,310,407,431,7
40,127,209,127,62,33,25,23,0,310,360,381,7
43,110,295,126,75,46,27,30,0,308,261,332,3
45,101,315,124,77,48,28,29,0,304,0,269,3
41,81,270,91,66,45,28,30,0,295,0,251,3
37,78,183,83,54,36,23,28,0,291,0,247,3
36,76,275,94,47,34,25,28,0,284,0,247,3
35,114,391,120,49,36,28,24,0,280,0,247,3
37,129,492,162,69,41,28,23,0,278,0,247,3
34,133,440,159,76,41,27,23,0,278,0,247,3
36,148,358,185,77,40,28,31,0,288,0,245,3
36,154,285,152,58,36,31,33,0,338,0,238,3
39,150,293,133,66,40,31,28,0,386,0,236,3
42,122,323,128,63,44,43,36,0,480,0,236,7
56,152,389,127,59,42,48,48,0,586,0,234,7
59,175,408,138,52,49,61,54,0,638,0,234,3
52,171,372,142,59,52,73,56,0,655,0,225,3
48,163,511,140,65,54,82,51,0,658,0,221,7
51,168,516,131,74,54,78,52,0,682,0,219,3
49,147,410,110,75,55,71,55,0,701,0,219,3
41,122,342,128,71,50,60,45,0,701,0,219,3
37,86,326,155,54,35,35,32,0,701,0,216,3
29,88,249,154,58,39,30,26,0,699,0,216,3
31,93,238,124,50,35,26,24,0,655,0,219,7
26,80,229,107,52,34,25,20,0,605,0,216,7
34,140,196,104,54,37,28,23,0,577,0,216,7
37,150,263,111,55,32,26,25,0,564,0,219,7
29,132,302,125,58,32,27,24,0,551,0,219,7
30,139,255,116,76,37,29,25,0,538,0,216,3
28,123,173,123,78,38,31,25,0,523,0,219,7
28,76,181,119,65,33,25,21,0,516,0,219,7
28,81,213,117,57,29,22,20,0,508,0,219,3
30,86,281,121,65,33,23,25,0,482,0,216,3
30,92,276,118,65,37,23,25,0,458,0,216,3
36,112,304,115,60,41,24,29,0,438,0,219,7
34,104,233,111,58,40,25,24,160,421,0,216,3
32,103,215,101,60,39,25,24,280,408,0,216,3
32,94,231,108,60,32,23,22,376,395,0,219,7
32,105,215,121,58,33,22,21,550,380,0,219,7
37,118,209,151,72,42,29,20,668,364,0,219,3
35,123,191,143,75,46,27,20,760,351,0,216,7
28,110,199,103,68,41,26,25,797,347,0,219,7
32,110,214,82,59,38,29,28,802,345,0,219,7
31,83,221,100,67,42,30,26,768,347,0,219,7
27,80,204,108,61,39,26,23,615,347,0,216,3
30,83,205,74,55,32,25,21,419,347,0,216,3
34,91,215,64,63,35,22,20,149,347,0,219,7
37,103,246,120,59,34,23,21,8,347,0,219,7
38,120,261,144,67,31,25,22,0,347,0,219,3
30,110,227,133,60,34,29,25,0,347,0,216,3
32,133,244,85,57,38,31,26,0,347,0,219,7
31,145,284,86,58,34,30,26,0,347,0,216,7
33,132,275,117,59,32,24,26,0,347,0,216,7
38,110,296,135,61,36,29,28,0,351,0,216,3
37,121,285,135,68,45,33,25,0,380,0,216,3
46,154,393,146,72,45,52,51,0,430,0,219,7
48,146,356,110,57,52,88,70,0,512,0,216,3
53,125,259,83,64,61,100,80,0,551,0,219,7
52,127,287,132,66,60,94,77,0,608,0,216,3
55,153,302,152,66,56,85,68,0,621,0,216,7
55,167,353,125,57,50,80,62,0,621,0,216,3
52,165,366,120,66,45,73,48,0,623,0,219,3
46,155,399,112,69,41,51,34,0,621,0,219,3
41,131,299,104,63,37,35,30,0,623,0,219,3
32,84,303,106,60,35,27,30,0,605,0,219,7
34,81,267,93,68,39,24,28,0,536,0,219,7
38,86,238,91,87,45,27,28,0,462,0,219,3
33,82,240,77,79,36,24,25,0,395,0,219,3
30,89,326,96,83,40,24,21,0,360,0,216,3
29,100,315,93,73,38,27,23,0,327,0,219,3
28,98,290,96,68,38,27,21,0,306,0,219,3
33,125,200,111,59,35,23,20,0,304,0,219,7
36,139,237,137,71,44,27,23,0,297,0,219,7
30,122,233,126,77,60,54,27,0,291,0,219,7
37,147,225,120,68,63,61,31,0,291,0,219,7
42,168,236,120,68,65,65,37,0,291,0,219,3
55,186,256,119,71,101,129,69,0,291,101,230,3
62,180,274,99,69,125,161,83,0,291,220,267,3
59,182,249,77,86,136,163,76,0,291,333,343,3
50,162,268,83,86,112,133,60,0,291,373,385,3
47,134,271,117,83,81,100,49,0,291,380,394,3
45,142,291,157,87,67,84,40,0,291,380,394,7
48,157,253,171,92,70,84,42,0,291,380,394,3
35,144,198,136,82,49,41,27,0,293,377,394,7
29,114,128,72,66,42,38,27,0,291,322,359,3
30,99,164,116,69,33,27,25,0,291,200,319,3
37,135,265,144,70,37,28,24,0,291,0,280,3
39,136,280,150,74,41,26,26,0,291,0,258,3
36,100,214,93,76,40,25,23,0,291,0,232,3
34,92,207,89,64,37,25,26,0,291,0,227,3
32,81,227,91,77,39,26,29,0,291,0,225,7
29,80,230,96,80,47,28,27,0,291,0,227,3
29,82,211,95,84,51,30,25,0,291,0,225,3
32,99,224,94,63,47,52,34,0,291,0,225,3
33,96,220,124,43,36,78,47,0,291,0,240,3
32,100,259,112,52,44,86,52,0,291,0,304,7
55,91,298,96,57,50,113,67,0,291,0,383,3
71,104,304,84,57,64,162,100,0,291,0,484,3
89,110,238,88,55,77,227,140,0,291,0,628,7
76,133,269,90,61,86,242,148,0,291,0,773,3
84,148,305,76,58,92,287,164,0,291,0,828,7
87,139,313,80,61,101,329,193,0,291,0,902,3
82,118,301,78,64,91,310,170,0,291,0,924,7
57,112,279,98,71,66,212,115,0,293,0,924,7
34,82,235,97,60,40,113,68,0,291,0,924,7
35,117,251,97,80,47,96,59,0,291,0,922,3
31,111,284,98,76,45,64,35,0,291,0,867,3
35,112,339,96,70,42,36,29,0,291,0,639,7
37,114,379,136,55,34,30,28,0,291,0,444,7
37,137,441,141,58,32,27,28,0,291,0,343,7
39,143,452,126,62,40,27,24,0,291,0,293,3
34,122,339,110,77,48,29,27,0,291,0,254,7
34,115,367,130,66,41,26,25,0,291,0,236,3
41,118,464,152,72,41,36,29,0,291,0,230,3
46,111,443,134,71,40,36,26,0,291,0,230,7
63,100,375,106,67,38,37,29,0,291,0,230,11
117,100,313,104,64,35,34,40,0,291,0,230,27
162,130,305,130,60,37,33,46,0,291,0,230,69
165,131,399,124,63,39,28,44,0,288,0,230,155
177,134,430,132,68,44,39,50,0,291,0,230,232
377,135,381,117,67,42,42,72,0,291,0,240,325
430,135,379,120,62,42,40,78,0,291,0,276,383
564,168,382,161,84,70,88,162,0,288,0,337,434
525,164,348,203,94,71,90,164,0,291,0,407,468
466,149,328,198,86,62,80,149,0,291,0,462,492
217,82,273,158,67,49,43,64,0,291,0,501,515
246,86,340,121,67,49,46,66,0,291,0,538,534
241,91,352,119,54,41,44,62,0,291,0,562,546
208,82,300,125,60,35,40,56,0,291,0,565,546
97,102,266,135,69,36,27,35,0,291,0,562,546
53,143,312,130,74,40,26,25,0,291,0,554,542
45,161,284,103,66,38,27,27,0,291,0,431,515
46,188,301,105,56,32,25,29,0,291,0,341,418
50,204,339,114,60,37,27,33,0,291,0,284,178
48,189,366,122,56,33,26,30,0,291,0,247,46
52,210,322,133,60,35,27,33,0,291,0,212,15
58,246,394,131,64,38,29,37,0,291,0,179,7
53,227,388,146,69,45,27,34,0,291,0,164,7
45,175,355,152,79,47,29,28,0,291,0,144,7
42,136,333,173,83,46,30,26,0,291,0,135,3
45,110,297,153,74,43,30,24,0,291,0,129,3
57,100,332,149,68,45,32,25,0,288,0,127,7
77,108,380,186,60,36,28,25,0,291,0,127,7
131,109,345,172,67,40,30,35,0,291,0,122,19
122,90,270,119,68,41,28,33,0,291,0,116,46
115,89,235,112,66,43,28,35,0,291,0,111,62
46,84,274,110,44,35,30,32,0,291,0,96,69
45,88,321,117,45,33,32,34,0,291,0,85,69
38,76,291,111,49,31,23,29,0,291,0,74,77
95,94,326,109,55,36,28,31,0,291,0,72,96
240,113,314,130,64,44,44,63,0,291,0,72,124
256,111,347,139,72,50,47,69,0,291,0,72,170
281,99,352,163,82,50,49,76,0,291,0,72,220
211,76,293,138,72,41,35,54,0,291,0,72,286
179,73,254,132,81,51,35,43,0,291,0,74,352
162,91,294,141,90,59,42,42,0,291,0,78,395
146,104,311,139,85,57,43,44,0,291,0,92,453
126,97,309,134,65,42,45,47,0,291,0,102,480
77,93,335,153,65,44,41,40,0,291,0,122,511
71,87,339,137,65,44,35,35,0,291,0,138,542
78,108,397,161,71,46,32,35,0,291,0,146,573
89,126,404,192,82,52,38,43,0,291,0,146,604
79,114,391,181,92,51,43,47,0,288,0,151,616
63,75,337,145,86,47,40,41,0,291,0,164,631
56,83,350,155,82,49,40,37,0,291,0,177,639
75,91,306,144,77,53,43,35,0,291,0,184,643
100,96,312,146,105,66,40,46,0,291,0,194,647
78,98,353,157,117,73,39,42,0,291,0,201,651
65,132,305,145,109,69,32,38,0,291,0,212,647
42,147,240,120,61,46,25,28,0,291,0,214,546
45,190,284,121,94,54,32,37,0,291,0,212,430
47,183,283,117,96,54,33,33,0,291,0,192,228
47,167,292,120,79,50,30,29,0,291,0,166,100
50,162,293,121,57,49,27,28,0,291,0,144,34
54,175,264,123,64,50,29,30,0,291,0,122,19
60,204,269,127,80,52,36,36,0,291,0,120,7
53,184,266,111,82,50,38,33,0,291,0,118,3
37,153,305,119,58,34,36,27,0,291,0,118,3
95,147,321,146,55,37,67,45,0,291,0,127,3
114,172,314,176,57,42,88,57,0,291,0,164,3
145,181,259,196,69,45,139,113,0,291,0,214,3
116,166,257,201,82,41,122,109,0,291,0,291,3
121,183,238,165,76,44,131,109,0,291,0,354,0
106,175,196,104,68,57,119,74,0,291,0,433,3
110,156,247,109,77,71,146,104,0,291,0,534,3
125,194,292,120,96,121,339,197,0,291,0,674,3
138,201,257,121,88,139,433,238,0,291,0,836,3
130,205,265,108,83,137,431,239,0,291,0,926,3
100,156,217,84,67,98,359,196,0,291,0,976,3
84,150,280,82,63,78,265,155,0,291,0,979,3
61,131,261,105,59,52,165,90,0,291,0,979,3
45,154,248,116,48,32,91,51,0,291,0,968,3
47,174,407,126,50,31,57,40,0,291,0,832,3
55,202,472,143,75,44,42,33,0,291,0,495,3
49,172,472,183,96,54,43,32,0,291,0,341,3
48,154,397,175,90,51,33,26,0,291,0,313,0
33,124,370,150,51,35,21,19,0,291,0,265,0
36,129,355,148,52,36,23,22,0,288,0,234,3
48,147,341,166,71,56,49,34,0,282,0,216,0
54,150,300,146,74,65,72,41,0,269,0,214,0
60,138,283,131,69,76,91,49,0,269,0,214,0
67,145,373,132,70,86,106,56,0,267,0,214,0
62,163,357,153,90,104,122,61,0,267,98,236,0
80,185,396,164,102,136,144,67,0,264,173,262,0
88,231,470,197,116,157,169,74,0,267,278,322,0
79,194,426,155,112,151,166,75,0,264,339,376,0
53,140,308,109,86,101,119,56,0,267,356,387,0
40,121,246,139,77,70,69,36,0,273,353,387,0
27,116,238,166,77,56,53,30,0,280,339,374,0
44,145,367,191,69,47,35,24,0,284,278,339,0
48,144,387,151,50,38,22,20,0,284,64,286,0
41,124,320,112,64,39,22,21,0,286,0,262,3
36,150,271,117,65,37,23,22,0,291,0,249,0
33,144,317,121,82,47,27,25,0,288,0,243,0
30,123,265,118,78,44,24,24,0,288,0,243,3
33,107,330,132,87,46,27,26,0,288,0,236,0
33,117,307,146,61,38,23,23,22,286,0,232,0
31,136,283,150,57,38,21,23,153,280,0,232,3
31,122,247,94,56,37,26,29,307,267,0,227,0
37,140,314,106,66,42,32,33,548,249,0,221,0
37,142,326,124,74,46,36,31,697,238,0,221,3
38,138,245,126,77,48,37,32,795,225,0,221,0
34,124,268,119,74,46,32,27,846,219,0,219,0
30,101,267,90,64,45,27,26,846,219,0,219,0
28,80,233,71,60,40,22,25,731,223,0,221,3
32,99,260,77,58,35,24,28,472,241,0,221,0
44,153,272,139,57,36,25,27,209,251,0,219,0
45,153,333,166,61,40,26,26,60,269,0,219,0
41,115,308,157,62,36,24,24,0,271,0,219,0
25,91,279,128,56,33,24,22,0,271,0,219,0
25,76,169,99,52,29,21,23,0,273,0,219,0
25,79,163,107,54,31,22,20,0,273,0,221,0
26,91,166,86,64,36,24,19,0,273,0,219,3
27,82,134,87,67,40,28,19,0,275,0,219,7
29,73,168,81,79,45,28,23,0,275,0,221,3
31,81,180,90,71,42,23,22,0,275,0,221,7
34,97,182,91,76,51,29,26,0,275,0,219,3
32,87,123,108,79,50,31,26,0,275,0,221,7
28,71,114,94,70,47,27,28,0,275,0,219,3
26,66,137,109,67,43,23,25,0,275,0,219,3
24,77,165,79,55,38,23,20,0,275,0,221,7
22,77,162,85,52,34,22,25,0,275,0,221,3
25,66,127,78,56,38,23,21,0,275,0,221,7
26,60,120,67,65,39,25,19,0,275,0,219,3
27,69,110,71,62,39,26,21,0,275,0,221,7
